algoritmo,L,instancia,inicial,objetivo,encontrou,custo,estados_expandidos,tempo
BFS,2,0,00,10,True,1,1,2.19999928958714e-05
Greedy,2,0,00,10,True,1,2,2.370000584051013e-05
BFS,2,1,00,00,True,0,0,3.9000005926936865e-06
Greedy,2,1,00,00,True,0,1,6.000016583129764e-06
BFS,2,2,10,00,True,1,1,6.400019628927112e-06
Greedy,2,2,10,00,True,1,2,7.399998139590025e-06
BFS,2,3,00,00,True,0,0,2.400018274784088e-06
Greedy,2,3,00,00,True,0,1,3.5999983083456755e-06
BFS,2,4,10,11,True,1,1,4.999979864805937e-06
Greedy,2,4,10,11,True,1,2,5.499983672052622e-06
BFS,2,5,00,11,True,1,1,3.6999990697950125e-06
Greedy,2,5,00,11,True,1,2,5.0000089686363935e-06
BFS,2,6,10,01,True,1,1,3.4999975468963385e-06
Greedy,2,6,10,01,True,1,2,4.6000059228390455e-06
BFS,2,7,00,10,True,1,1,3.00002284348011e-06
Greedy,2,7,00,10,True,1,2,4.2000028770416975e-06
BFS,2,8,11,10,True,1,1,3.3999967854470015e-06
Greedy,2,8,11,10,True,1,2,4.7000066842883825e-06
BFS,2,9,10,10,True,0,0,1.6999838408082724e-06
Greedy,2,9,10,10,True,0,1,2.6999914553016424e-06
BFS,4,0,1100,0010,True,1,1,8.500006515532732e-06
Greedy,4,0,1100,0010,True,1,2,1.550000160932541e-05
BFS,4,1,0011,1101,True,1,1,5.199981387704611e-06
Greedy,4,1,0011,1101,True,1,2,1.1399999493733048e-05
BFS,4,2,1010,0001,True,2,2,1.7099984688684344e-05
Greedy,4,2,1010,0001,True,2,3,1.5799974789842963e-05
BFS,4,3,1101,0001,True,1,1,4.3000036384910345e-06
Greedy,4,3,1101,0001,True,1,2,7.099995855242014e-06
BFS,4,4,1100,1011,True,1,1,3.3999967854470015e-06
Greedy,4,4,1100,1011,True,1,2,6.299989763647318e-06
BFS,4,5,1010,0111,True,2,3,5.499983672052622e-06
Greedy,4,5,1010,0111,True,2,3,7.499998901039362e-06
BFS,4,6,1001,0000,True,2,2,4.2000028770416975e-06
Greedy,4,6,1001,0000,True,2,3,6.999995093792677e-06
BFS,4,7,0101,1110,True,2,2,4.1000021155923605e-06
Greedy,4,7,0101,1110,True,2,3,7.299997378140688e-06
BFS,4,8,0110,1101,True,2,2,3.9000005926936865e-06
Greedy,4,8,0110,1101,True,2,3,6.999995093792677e-06
BFS,4,9,0100,1001,True,2,3,4.6000059228390455e-06
Greedy,4,9,0100,1001,True,2,3,6.89999433234334e-06
BFS,8,0,00110011,00000100,True,2,18,4.859999171458185e-05
Greedy,8,0,00110011,00000100,True,2,3,3.71999922208488e-05
BFS,8,1,01011001,11110000,True,4,164,0.0003810000198427588
Greedy,8,1,01011001,11110000,True,4,5,6.749999010935426e-05
BFS,8,2,10000000,00100110,True,3,38,9.059999138116837e-05
Greedy,8,2,10000000,00100110,True,3,4,5.219999002292752e-05
BFS,8,3,01011000,11111000,True,2,2,1.5199999324977398e-05
Greedy,8,3,01011000,11111000,True,2,3,4.149999585933983e-05
BFS,8,4,11000010,10110010,True,1,1,9.69998654909432e-06
Greedy,8,4,11000010,10110010,True,1,2,2.9400020139291883e-05
BFS,8,5,00000111,01001011,True,2,10,3.860000288113952e-05
Greedy,8,5,00000111,01001011,True,2,3,3.9700011257082224e-05
BFS,8,6,11110010,00100100,True,3,59,0.00013669999316334724
Greedy,8,6,11110010,00100100,True,3,4,5.1300012273713946e-05
BFS,8,7,00000100,00111010,True,1,1,1.279998105019331e-05
Greedy,8,7,00000100,00111010,True,1,2,3.0199997127056122e-05
BFS,8,8,11011100,10001010,True,3,94,0.00020589999621734023
Greedy,8,8,11011100,10001010,True,3,4,5.250002141110599e-05
BFS,8,9,01101101,00100011,True,2,10,4.879999323748052e-05
Greedy,8,9,01101101,00100011,True,2,3,4.2100000428035855e-05
BFS,16,0,0101110011001010,1100000101001101,True,4,3004,0.023151300003519282
Greedy,16,0,0101110011001010,1100000101001101,True,4,5,0.00022170000011101365
BFS,16,1,0001100001001101,0010100111000011,True,3,1253,0.009993999992730096
Greedy,16,1,0001100001001101,0010100111000011,True,3,4,0.00018780000391416252
BFS,16,2,1011110010100111,1010101001101101,True,5,36437,0.22453390000737272
Greedy,16,2,1011110010100111,1010101001101101,True,5,6,0.0004175000067334622
BFS,16,3,1111100110110110,1111101001100100,True,3,2273,0.017601100000320002
Greedy,16,3,1111100110110110,1111101001100100,True,3,4,0.00021689999266527593
BFS,16,4,0000101101110000,1001000101111101,True,5,17418,0.1105346999829635
Greedy,16,4,0000101101110000,1001000101111101,True,5,6,0.0002886999864131212
BFS,16,5,1101101101011100,0010001111100110,True,4,6300,0.04468239998095669
Greedy,16,5,1101101101011100,0010001111100110,True,4,5,0.00022330001229420304
BFS,16,6,1101111010111011,1010010010100111,True,3,933,0.007513399992603809
Greedy,16,6,1101111010111011,1010010010100111,True,3,4,0.0001998000079765916
BFS,16,7,0111111101001000,0000000100111000,True,2,23,0.0002496000088285655
Greedy,16,7,0111111101001000,0000000100111000,True,2,3,0.00011379999341443181
BFS,16,8,1001110000100111,0101101110101111,True,3,271,0.0021754000044893473
Greedy,16,8,1001110000100111,0101101110101111,True,3,4,0.00016009999671950936
BFS,16,9,1100110111011010,1111100001101110,True,5,34514,0.20307489999686368
Greedy,16,9,1100110111011010,1111100001101110,True,5,6,0.0003090999962296337
BFS,32,0,01010111111111110001000011100101,01001001010011111001100110000100,False,,125122,30.593770100007532
Greedy,32,0,01010111111111110001000011100101,01001001010011111001100110000100,True,8,9,0.006324599991785362
BFS,32,1,01011111100001000000011110011100,10100010000111011111100111000010,False,,125122,36.30990279998514
Greedy,32,1,01011111100001000000011110011100,10100010000111011111100111000010,True,6,7,0.0024201000051107258
BFS,32,2,01110110111110011111010111010110,01110010111000010100010011111101,False,,125122,34.47042919998057
Greedy,32,2,01110110111110011111010111010110,01110010111000010100010011111101,True,8,9,0.0028747000033035874
BFS,32,3,01000111101110111111100101011110,10010101001001111011110001001001,False,,125122,37.37483089999296
Greedy,32,3,01000111101110111111100101011110,10010101001001111011110001001001,True,10,11,0.004355099983513355
BFS,32,4,01001011110010000101001111011001,11111101100111101100110100100011,False,,125122,19.678447999991477
Greedy,32,4,01001011110010000101001111011001,11111101100111101100110100100011,True,10,11,0.002202100004069507
BFS,32,5,01001110001101111010001101010111,11001010011100001100001111010111,False,,125122,22.162963000009768
Greedy,32,5,01001110001101111010001101010111,11001010011100001100001111010111,True,6,7,0.0015186999808065593
BFS,32,6,01011010110110010000100000001001,00100000101001001001110100110011,False,,125122,17.548440999991726
Greedy,32,6,01011010110110010000100000001001,00100000101001001001110100110011,True,9,10,0.0026891000161413103
BFS,32,7,10110010001111110001101111101111,10100001010010111011100010011010,False,,125122,19.499648900004104
Greedy,32,7,10110010001111110001101111101111,10100001010010111011100010011010,True,10,11,0.002322600019397214
BFS,32,8,10100111100010000011110111000000,11111110011011100100010011100110,False,,125122,19.662480900005903
Greedy,32,8,10100111100010000011110111000000,11111110011011100100010011100110,True,8,9,0.002685099985683337
BFS,32,9,01010101010111110101011010011011,10100001100001000001111101011110,False,,125122,35.55669930001022
Greedy,32,9,01010101010111110101011010011011,10100001100001000001111101011110,True,10,11,0.007042400015052408
BFS,64,0,1011100110011010110010100001101111110101011101001110011100110110,0110000010010100001011011100110111111000101100100110100110101101,False,,9828,16.370028300007107
Greedy,64,0,1011100110011010110010100001101111110101011101001110011100110110,0110000010010100001011011100110111111000101100100110100110101101,True,16,17,0.019298600003821775
BFS,64,1,0100101000110110001001010100011001000110101001001101110101001001,1011000101000011111001101101111110111101010110011111011101110011,False,,9828,18.198591199994553
Greedy,64,1,0100101000110110001001010100011001000110101001001101110101001001,1011000101000011111001101101111110111101010110011111011101110011,True,15,16,0.041839800018351525
BFS,64,2,0001000011100111100111100001101110110000101011011001000001011100,0111110010111000100010010110101010000100001010111101110001111010,False,,9828,21.32334509998327
Greedy,64,2,0001000011100111100111100001101110110000101011011001000001011100,0111110010111000100010010110101010000100001010111101110001111010,True,16,17,0.03213849998428486
BFS,64,3,1111010101011000011100110011111001100100111100101111010011011100,0111100100001110011011111101101101100101000000111010110001111011,False,,9828,22.412730999989435
Greedy,64,3,1111010101011000011100110011111001100100111100101111010011011100,0111100100001110011011111101101101100101000000111010110001111011,True,16,17,0.05339580000145361
BFS,64,4,1110011011011111101110101011110011000000000111000011101110000010,0110100101111011001011001100111010001100110111101100011011011000,False,,9828,21.626336299988907
Greedy,64,4,1110011011011111101110101011110011000000000111000011101110000010,0110100101111011001011001100111010001100110111101100011011011000,True,18,19,0.019713799993041903
BFS,64,5,1011110001100000011001010101101101100001100010110011111100100100,0011110011010001000000100011000010110100111001101111101101001010,False,,9828,16.779772699985188
Greedy,64,5,1011110001100000011001010101101101100001100010110011111100100100,0011110011010001000000100011000010110100111001101111101101001010,True,18,19,0.05004460000782274
BFS,64,6,1101010101100011000010110000100101111111111011011100001110010101,1111101001000000100000011011001001101000000111101110010001111000,False,,9828,23.843312800017884
Greedy,64,6,1101010101100011000010110000100101111111111011011100001110010101,1111101001000000100000011011001001101000000111101110010001111000,True,16,17,0.057189099985407665
BFS,64,7,0111000011001001000101001110010010011101110111010100010101110001,1110000111000101101110001001111000111110110101001011111110110110,False,,9828,13.703340800013393
Greedy,64,7,0111000011001001000101001110010010011101110111010100010101110001,1110000111000101101110001001111000111110110101001011111110110110,True,17,18,0.0667840999958571
BFS,64,8,1111011111000010110110101011011110100010011100010011110101011000,1111011101110100010000011101001100111000100011010111110111010010,False,,9828,14.435398200002965
Greedy,64,8,1111011111000010110110101011011110100010011100010011110101011000,1111011101110100010000011101001100111000100011010111110111010010,True,16,17,0.051419700001133606
BFS,64,9,0100101101101001100110101001111111000010101011001101010010111010,0011000001101111001010000101101111001111110011010101111101100010,False,,9828,19.001482299994677
Greedy,64,9,0100101101101001100110101001111111000010101011001101010010111010,0011000001101111001010000101101111001111110011010101111101100010,True,15,16,0.024428000004263595
BFS,128,0,00110100101011010011010000100010010101001000111010000011001100000111100100101001100110010011011101000010001111100101000110110000,10101000000111010100111010111010101000000001110001010111010000010111101010110111000010010101100011001000111000100100111111110000,False,,1158,10.813939700019546
Greedy,128,0,00110100101011010011010000100010010101001000111010000011001100000111100100101001100110010011011101000010001111100101000110110000,10101000000111010100111010111010101000000001110001010111010000010111101010110111000010010101100011001000111000100100111111110000,True,30,31,0.3648981000005733
BFS,128,1,00001111010111100010010001101100110010000000011010000100100100111011010011100011110011010001111111100100101100000100110001101001,10100000010100101000001011011100111010011100010010010100110011010001100011101111101001001011001010001101010001001111000110010101,False,,1158,22.24558009998873
Greedy,128,1,00001111010111100010010001101100110010000000011010000100100100111011010011100011110011010001111111100100101100000100110001101001,10100000010100101000001011011100111010011100010010010100110011010001100011101111101001001011001010001101010001001111000110010101,True,32,33,0.5417306000017561
BFS,128,2,10000010101111101011101011110100001100111011010001000000101001100111110101000001111111001101011001110111110001111100101110001100,00000010101111000111011101010100000011001000011111111011100111010111111000011001111110010111001010101001011111110100100111000011,False,,1158,11.609776800003601
Greedy,128,2,10000010101111101011101011110100001100111011010001000000101001100111110101000001111111001101011001110111110001111100101110001100,00000010101111000111011101010100000011001000011111111011100111010111111000011001111110010111001010101001011111110100100111000011,True,28,29,0.228911899990635
BFS,128,3,10100110100110001001111110001010000011001100011111011100100000000101100000011101100011010100100100101110010110000010000101111000,01111000000111101100111111100000011101100110110011001010111000011001101100110011101110100110001011100111110000111100010101000101,False,,1158,8.731346400018083
Greedy,128,3,10100110100110001001111110001010000011001100011111011100100000000101100000011101100011010100100100101110010110000010000101111000,01111000000111101100111111100000011101100110110011001010111000011001101100110011101110100110001011100111110000111100010101000101,True,34,35,0.26709050001227297
BFS,128,4,01010011010011000011110111110011100011001011111000100001011001001100101011110010101001100000101110010110001011101000011010011110,10011000110111011101010000000100100011000001001111111010000010110111101000110110000010101010000100001010100111000100111110111001,False,,1158,10.90029710001545
Greedy,128,4,01010011010011000011110111110011100011001011111000100001011001001100101011110010101001100000101110010110001011101000011010011110,10011000110111011101010000000100100011000001001111111010000010110111101000110110000010101010000100001010100111000100111110111001,True,36,37,0.4961145000124816
BFS,128,5,00111011111110001001000010011011010101100001000110010011000111100101101110110111110010001000010011011100100000000001010100111001,00101100110000100010001001110101110101100111000001011100111111101101111110001000110010001100101001110011001000001000011111000011,False,,1158,12.011903299979167
Greedy,128,5,00111011111110001001000010011011010101100001000110010011000111100101101110110111110010001000010011011100100000000001010100111001,00101100110000100010001001110101110101100111000001011100111111101101111110001000110010001100101001110011001000001000011111000011,True,27,28,0.24164600000949576
BFS,128,6,11001101010011011111011101010100111010101100111010010001000010000100111111011000110110101100010111010111101101111110000101100010,01101111010000110111111101010011111011100111000101111111111000001000100010010010011001100000111111001111100111110100011101110110,False,,1158,10.738299399992684
Greedy,128,6,11001101010011011111011101010100111010101100111010010001000010000100111111011000110110101100010111010111101101111110000101100010,01101111010000110111111101010011111011100111000101111111111000001000100010010010011001100000111111001111100111110100011101110110,True,31,32,0.3552382000198122
BFS,128,7,01011100110101011110000101111010000001101000001011111101000110100110001100010011110001110100001100101000101000101001000101110011,01011110011110001111101001010101011110000000001000111010000101011101001000001000010111000110111111110011111100100101001010001100,False,,1158,11.107228400011081
Greedy,128,7,01011100110101011110000101111010000001101000001011111101000110100110001100010011110001110100001100101000101000101001000101110011,01011110011110001111101001010101011110000000001000111010000101011101001000001000010111000110111111110011111100100101001010001100,True,29,30,0.33832720000646077
BFS,128,8,11001101001101010100111100010101010001100111001010110110010110000111001111011010110100010000001010111010001100101001010100111001,10101100010001111001111010110100110010100111100000101001000100111111000000100001010110111000001011000001111011011100110010100111,False,,1158,10.853288800019072
Greedy,128,8,11001101001101010100111100010101010001100111001010110110010110000111001111011010110100010000001010111010001100101001010100111001,10101100010001111001111010110100110010100111100000101001000100111111000000100001010110111000001011000001111011011100110010100111,True,29,30,0.3399862999795005
BFS,128,9,11101100110000111100101011000011010110010000011111000001011101001111000100000100011000100101100111101011001110000011111101110010,00010011011000110111001110001111001011110110011001011010011011010111010010001010011110000011001001100101010011110100100001110100,False,,1158,11.711847500002477
Greedy,128,9,11101100110000111100101011000011010110010000011111000001011101001111000100000100011000100101100111101011001110000011111101110010,00010011011000110111001110001111001011110110011001011010011011010111010010001010011110000011001001100101010011110100100001110100,True,29,30,0.36168349999934435
BFS,256,0,0111000100100110111100100101111000111011110010111011001010111100011010111000101101011001110000000111100111110010101001010011111110010011101000000110001110111110010101110011010011000101010111111110011010010110001101110000110101001000111010010100011111011110,1011110011111101110010100001001101100000000001000111011111001011101101010101001001100001101000110110111100011011110011011000101101101000000110111001010100100000101000000101000010001111001000100101010100001001000001110001110000101110000010101000011000011011,False,,264,12.255712200014386
Greedy,256,0,0111000100100110111100100101111000111011110010111011001010111100011010111000101101011001110000000111100111110010101001010011111110010011101000000110001110111110010101110011010011000101010111111110011010010110001101110000110101001000111010010100011111011110,1011110011111101110010100001001101100000000001000111011111001011101101010101001001100001101000110110111100011011110011011000101101101000000110111001010100100000101000000101000010001111001000100101010100001001000001110001110000101110000010101000011000011011,True,63,64,6.816872099996544
BFS,256,1,1100000010001110100100010100110100101101011010001001110101000011011101001100010010111011000100110001101011010110011011100101001110110000100100111110011110111100100101000100100011011110100001111111101010111001110010000000101110001101101001101100111101101000,1010110100010001010110110111101111100111101100001110100111010001110111100001110110100011011111010100011010011110110000011111010001111100000001100001111011010000001000010001100000101001000000100011100000001000011010011100101010011100110111110111001100101100,False,,264,11.498876600002404
Greedy,256,1,1100000010001110100100010100110100101101011010001001110101000011011101001100010010111011000100110001101011010110011011100101001110110000100100111110011110111100100101000100100011011110100001111111101010111001110010000000101110001101101001101100111101101000,1010110100010001010110110111101111100111101100001110100111010001110111100001110110100011011111010100011010011110110000011111010001111100000001100001111011010000001000010001100000101001000000100011100000001000011010011100101010011100110111110111001100101100,True,69,70,7.543215199984843
BFS,256,2,0110001010100111111111101001110000001001101001101111100101111110001011011101110011111110000110110111110000100101001011110101111010011101110100110110001101101011110111100010111001100011110011101010000001111100010011001000110110100001100011101000001111011011,1010111100001111001101110010011101011111001011110001001011000001111010110011011000001010011100100011100001111010010101001101011001011011100001011001111100010111001101010011111111101101000000011011010111110001001001000100101010110100011110101100011001011001,False,,264,13.235458899987862
Greedy,256,2,0110001010100111111111101001110000001001101001101111100101111110001011011101110011111110000110110111110000100101001011110101111010011101110100110110001101101011110111100010111001100011110011101010000001111100010011001000110110100001100011101000001111011011,1010111100001111001101110010011101011111001011110001001011000001111010110011011000001010011100100011100001111010010101001101011001011011100001011001111100010111001101010011111111101101000000011011010111110001001001000100101010110100011110101100011001011001,True,67,68,6.609716900013154
BFS,256,3,0000111001111010101111110110110011001011101100101100001101111000100100111111100001010010001111111100000000001001001101100001110100110100111101111000110111011110010111001101111100101000010111000011100001100001111010001100000000101110011000110011100111100100,1111101000011101010001111110101101110100110100110001011001110001101100111010010110011000101010111111111000110001100101001100011111100010110010010011111110011101011011011000100000100001001011010110101110000100100110010001101011110000011010111010100100011100,False,,264,12.283840099989902
Greedy,256,3,0000111001111010101111110110110011001011101100101100001101111000100100111111100001010010001111111100000000001001001101100001110100110100111101111000110111011110010111001101111100101000010111000011100001100001111010001100000000101110011000110011100111100100,1111101000011101010001111110101101110100110100110001011001110001101100111010010110011000101010111111111000110001100101001100011111100010110010010011111110011101011011011000100000100001001011010110101110000100100110010001101011110000011010111010100100011100,True,64,65,6.946676300023682
BFS,256,4,0100110011000111110100010100110111110110110001000111000101111000110100011001001101100010110000000101001101011110111000111101010001000011000110110010101001010000110001011000011101001111010110000000111110000001111001111100000110000101111111001010000100111010,0100100011010000100101000001000101011011010000001111000101001010010011110111111100001010111011000111001111111111110010101010100001001011110010111110101000101110101101101001011101111100001110101010111000001000011001010100111000110100011101011000101011110011,False,,264,11.877483699994627
Greedy,256,4,0100110011000111110100010100110111110110110001000111000101111000110100011001001101100010110000000101001101011110111000111101010001000011000110110010101001010000110001011000011101001111010110000000111110000001111001111100000110000101111111001010000100111010,0100100011010000100101000001000101011011010000001111000101001010010011110111111100001010111011000111001111111111110010101010100001001011110010111110101000101110101101101001011101111100001110101010111000001000011001010100111000110100011101011000101011110011,True,61,62,5.7054658999841195
BFS,256,5,1110100111001000110011010011101001001111010010011110001011000001010001011000010011100010010000100100000001011001100001100110101001100011100101101011010110000010100001110010001101101100110000011010010000000000011100010011101101110111101011010011111111010100,0001111111110100100111110110010100110100000110010111111001010110010001111001000100100000011100010101010011000100000111111111101110110011000101111001010110110111011000010110101000000100111011001010011110010100010010110100111100010110101101001101101110100000,False,,264,13.525157100026263
Greedy,256,5,1110100111001000110011010011101001001111010010011110001011000001010001011000010011100010010000100100000001011001100001100110101001100011100101101011010110000010100001110010001101101100110000011010010000000000011100010011101101110111101011010011111111010100,0001111111110100100111110110010100110100000110010111111001010110010001111001000100100000011100010101010011000100000111111111101110110011000101111001010110110111011000010110101000000100111011001010011110010100010010110100111100010110101101001101101110100000,True,63,64,5.771852999983821
BFS,256,6,1110011111110110100101100111000001001100011000110100001110101111100000100110011110010010110000000110000001000110100101101110000000100011010111011011000101010111000100101011100100101000110111000110111010000110101101111110101110000000011010110100011001000010,1011101010011111001010110101111001011001100010100101111110101100110100010011100011011101110000001000110111110100001010101000000010100100001110011101010111110100000101110101111100001111010100000001001110000011111010110010100011001111100000011101100000100101,False,,264,12.575122800015379
Greedy,256,6,1110011111110110100101100111000001001100011000110100001110101111100000100110011110010010110000000110000001000110100101101110000000100011010111011011000101010111000100101011100100101000110111000110111010000110101101111110101110000000011010110100011001000010,1011101010011111001010110101111001011001100010100101111110101100110100010011100011011101110000001000110111110100001010101000000010100100001110011101010111110100000101110101111100001111010100000001001110000011111010110010100011001111100000011101100000100101,True,63,64,7.741457700001774
BFS,256,7,0000011101011100101010011010110101011010101000101010010000101100001100000001000010001101110001000010100000110110101000011010100001101011101111000010111001100100111111110011110101000100011000110110100000001011000100010000010010111110100000001111101010100100,1001111100110100011001000001000010010010101110111001100011010010000001101111010000100010101101001110001111100101111011110111000000110100110111100001101101110101100100101011100001110000110111010001110011110111000011001011011010100001010100011011011111111001,False,,264,14.062236400000984
Greedy,256,7,0000011101011100101010011010110101011010101000101010010000101100001100000001000010001101110001000010100000110110101000011010100001101011101111000010111001100100111111110011110101000100011000110110100000001011000100010000010010111110100000001111101010100100,1001111100110100011001000001000010010010101110111001100011010010000001101111010000100010101101001110001111100101111011110111000000110100110111100001101101110101100100101011100001110000110111010001110011110111000011001011011010100001010100011011011111111001,True,65,66,6.957121999992523
BFS,256,8,1100111110000010101011001100101111010111110010000111010101010101101000011010000100001001100010011010000010001100011010101010011110010000111001000000100010000111001111110100110100111111011011010011111000110100011010010101100110001011110001101100101100100110,1001001011111101101111010000000110000100100010111100100101100111110011010000100001101010111000011101001101001000010101111001100111011100110101011100000000100010111001100011100011001000110011100100011010100010000011111111110111101001001100110001011011111110,False,,264,12.744666400016285
Greedy,256,8,1100111110000010101011001100101111010111110010000111010101010101101000011010000100001001100010011010000010001100011010101010011110010000111001000000100010000111001111110100110100111111011011010011111000110100011010010101100110001011110001101100101100100110,1001001011111101101111010000000110000100100010111100100101100111110011010000100001101010111000011101001101001000010101111001100111011100110101011100000000100010111001100011100011001000110011100100011010100010000011111111110111101001001100110001011011111110,True,66,67,7.279060800006846
BFS,256,9,0101111001010101110101001001101100101100100101001101110111011001010110110110011111111110010010101010101100010101110000010001101000000000010110011100110100000001111011111011100110101010101110010110001110111011101011100000001110000110010001100101100011110001,0000000011010100111001110001001001001111001001100110011101000100100101010100010111100000101011011001011011000000100000001010110101100010110111101100111100001001000110010111100111011100010101010110011100111110110001100111011110011101101010110100110101111000,False,,264,12.861643599986564
Greedy,256,9,0101111001010101110101001001101100101100100101001101110111011001010110110110011111111110010010101010101100010101110000010001101000000000010110011100110100000001111011111011100110101010101110010110001110111011101011100000001110000110010001100101100011110001,0000000011010100111001110001001001001111001001100110011101000100100101010100010111100000101011011001011011000000100000001010110101100010110111101100111100001001000110010111100111011100010101010110011100111110110001100111011110011101101010110100110101111000,True,63,64,6.2406354999984615
